Workbook

Sheet Zadanie - Logistyka
A1: ZADANIE PRAKTYCZNE: WYSZUKAJ.PIONOWO (VLOOKUP)
A2: Cel: Uzupełnij brakujące dane w tabeli wydań magazynowych na podstawie Cennika/Katalogu Produktów.
A4: INSTRUKCJA DO ZADANIA:
A5: 1. Przejdź do tabeli poniżej ('LISTA WYDAŃ MAGAZYNOWYCH').
A6: 2. W kolumnie D (Nazwa Produktu) użyj funkcji WYSZUKAJ.PIONOWO (lub VLOOKUP), aby pobrać nazwę towaru z zakładki 'Katalog Produktów'.
A7: 3. W kolumnie E (Waga 1 szt. kg) użyj funkcji WYSZUKAJ.PIONOWO, aby pobrać wagę produktu z zakładki 'Katalog Produktów'.
A8: 4. W kolumnie G (Łączna Waga kg) wpisz zwykłą formułę mnożenia: =Sztuki * Waga (czyli =F8*E8).
A9: Wskazówka: Wzór dla kolumny D8: =WYSZUKAJ.PIONOWO(C8; 'Katalog Produktów'!A:C; 2; FAŁSZ)
A11: ID Wysyłki | B11: Data Wydania | C11: Kod SKU | D11: Nazwa Produktu | E11: Waga 1 szt. (kg) | F11: Ilość (szt.) | G11: Łączna Waga (kg)
A12: OUT-2026-001 | B12: 2026-08-01 | C12: SKU-101 | D12: =VLOOKUP(C12,'Katalog Produktów'!A:C,2,FALSE()) -> Karton Klapowy A4 | E12: {=VLOOKUP(C12,+'Katalog Produktów'!A:C,3,FALSE())} -> 0.35 | F12: 150 | G12: =F12*E12 -> 52.5
A13: OUT-2026-002 | B13: 2026-08-01 | C13: SKU-104 | D13: =VLOOKUP(C13,'Katalog Produktów'!A:C,2,FALSE()) -> Paleta Euro Drewniana | E13: {=VLOOKUP(C13,+'Katalog Produktów'!A:C,3,FALSE())} -> 22 | F13: 45 | G13: =F13*E13 -> 990
A14: OUT-2026-003 | B14: 2026-08-02 | C14: SKU-102 | D14: =VLOOKUP(C14,'Katalog Produktów'!A:C,2,FALSE()) -> Folia Streach Przezroczysta | E14: {=VLOOKUP(C14,+'Katalog Produktów'!A:C,3,FALSE())} -> 2.2 | F14: 200 | G14: =F14*E14 -> 440
A15: OUT-2026-004 | B15: 2026-08-02 | C15: SKU-105 | D15: =VLOOKUP(C15,'Katalog Produktów'!A:C,2,FALSE()) -> Pojemnik Plastikowy KLT | E15: {=VLOOKUP(C15,+'Katalog Produktów'!A:C,3,FALSE())} -> 1.85 | F15: 12 | G15: =F15*E15 -> 22.2
A16: OUT-2026-005 | B16: 2026-08-03 | C16: SKU-103 | D16: =VLOOKUP(C16,'Katalog Produktów'!A:C,2,FALSE()) -> Taśma Pakowa Kauczukowa | E16: {=VLOOKUP(C16,+'Katalog Produktów'!A:C,3,FALSE())} -> 0.18 | F16: 80 | G16: =F16*E16 -> 14.4
A17: OUT-2026-006 | B17: 2026-08-03 | C17: SKU-101 | D17: =VLOOKUP(C17,'Katalog Produktów'!A:C,2,FALSE()) -> Karton Klapowy A4 | E17: {=VLOOKUP(C17,+'Katalog Produktów'!A:C,3,FALSE())} -> 0.35 | F17: 300 | G17: =F17*E17 -> 105
A18: OUT-2026-007 | B18: 2026-08-04 | C18: SKU-106 | D18: =VLOOKUP(C18,'Katalog Produktów'!A:C,2,FALSE()) -> Wypełniacz Powietrzny (Rolka) | E18: {=VLOOKUP(C18,+'Katalog Produktów'!A:C,3,FALSE())} -> 0.8 | F18: 50 | G18: =F18*E18 -> 40
A19: OUT-2026-008 | B19: 2026-08-04 | C19: SKU-102 | D19: =VLOOKUP(C19,'Katalog Produktów'!A:C,2,FALSE()) -> Folia Streach Przezroczysta | E19: {=VLOOKUP(C19,+'Katalog Produktów'!A:C,3,FALSE())} -> 2.2 | F19: 110 | G19: =F19*E19 -> 242
A20: OUT-2026-009 | B20: 2026-08-05 | C20: SKU-104 | D20: =VLOOKUP(C20,'Katalog Produktów'!A:C,2,FALSE()) -> Paleta Euro Drewniana | E20: {=VLOOKUP(C20,+'Katalog Produktów'!A:C,3,FALSE())} -> 22 | F20: 95 | G20: =F20*E20 -> 2090
A21: OUT-2026-010 | B21: 2026-08-05 | C21: SKU-103 | D21: =VLOOKUP(C21,'Katalog Produktów'!A:C,2,FALSE()) -> Taśma Pakowa Kauczukowa | E21: {=VLOOKUP(C21,+'Katalog Produktów'!A:C,3,FALSE())} -> 0.18 | F21: 210 | G21: =F21*E21 -> 37.8

Sheet Katalog Produktów
A1: BAZA DANYCH: KATALOG PRODUKTÓW I SPECYFIKACJA
A2: Tabela źródłowa, z której funkcja WYSZUKAJ.PIONOWO będzie pobierała dane.
A4: Kod SKU | B4: Nazwa Produktu | C4: Waga 1 szt. (kg) | D4: Kategoria | E4: Cena jedn. (PLN)
A5: SKU-101 | B5: Karton Klapowy A4 | C5: 0.35 | D5: Opakowania | E5: 2.5
A6: SKU-102 | B6: Folia Streach Przezroczysta | C6: 2.2 | D6: Materiały Pakowe | E6: 38
A7: SKU-103 | B7: Taśma Pakowa Kauczukowa | C7: 0.18 | D7: Materiały Pakowe | E7: 4.2
A8: SKU-104 | B8: Paleta Euro Drewniana | C8: 22 | D8: Nośniki | E8: 65
A9: SKU-105 | B9: Pojemnik Plastikowy KLT | C9: 1.85 | D9: Pojemniki | E9: 42
A10: SKU-106 | B10: Wypełniacz Powietrzny (Rolka) | C10: 0.8 | D10: Materiały Pakowe | E10: 29.9

Sheet Gotowe Rozwiązanie
A1: GOTOWE ROZWIAZANIE (Wzory i Wyniki)
A2: Sprawdź tutaj swoje wyniki po rozwiązaniu zadania.
A4: ID Wysyłki | B4: Data Wydania | C4: Kod SKU | D4: Nazwa Produktu | E4: Waga 1 szt. (kg) | F4: Ilość (szt.) | G4: Łączna Waga (kg)
A5: OUT-2026-001 | B5: 2026-08-01 | C5: SKU-101 | D5: =VLOOKUP(C5, 'Katalog Produktów'!A:C, 2, FALSE) -> Karton Klapowy A4 | E5: =VLOOKUP(C5, 'Katalog Produktów'!A:C, 3, FALSE) -> 0.35 | F5: 150 | G5: =F5*E5 -> 52.5
A6: OUT-2026-002 | B6: 2026-08-01 | C6: SKU-104 | D6: =VLOOKUP(C6, 'Katalog Produktów'!A:C, 2, FALSE) -> Paleta Euro Drewniana | E6: =VLOOKUP(C6, 'Katalog Produktów'!A:C, 3, FALSE) -> 22 | F6: 45 | G6: =F6*E6 -> 990
A7: OUT-2026-003 | B7: 2026-08-02 | C7: SKU-102 | D7: =VLOOKUP(C7, 'Katalog Produktów'!A:C, 2, FALSE) -> Folia Streach Przezroczysta | E7: =VLOOKUP(C7, 'Katalog Produktów'!A:C, 3, FALSE) -> 2.2 | F7: 200 | G7: =F7*E7 -> 440
A8: OUT-2026-004 | B8: 2026-08-02 | C8: SKU-105 | D8: =VLOOKUP(C8, 'Katalog Produktów'!A:C, 2, FALSE) -> Pojemnik Plastikowy KLT | E8: =VLOOKUP(C8, 'Katalog Produktów'!A:C, 3, FALSE) -> 1.85 | F8: 12 | G8: =F8*E8 -> 22.2
A9: OUT-2026-005 | B9: 2026-08-03 | C9: SKU-103 | D9: =VLOOKUP(C9, 'Katalog Produktów'!A:C, 2, FALSE) -> Taśma Pakowa Kauczukowa | E9: =VLOOKUP(C9, 'Katalog Produktów'!A:C, 3, FALSE) -> 0.18 | F9: 80 | G9: =F9*E9 -> 14.4
A10: OUT-2026-006 | B10: 2026-08-03 | C10: SKU-101 | D10: =VLOOKUP(C10, 'Katalog Produktów'!A:C, 2, FALSE) -> Karton Klapowy A4 | E10: =VLOOKUP(C10, 'Katalog Produktów'!A:C, 3, FALSE) -> 0.35 | F10: 300 | G10: =F10*E10 -> 105
A11: OUT-2026-007 | B11: 2026-08-04 | C11: SKU-106 | D11: =VLOOKUP(C11, 'Katalog Produktów'!A:C, 2, FALSE) -> Wypełniacz Powietrzny (Rolka) | E11: =VLOOKUP(C11, 'Katalog Produktów'!A:C, 3, FALSE) -> 0.8 | F11: 50 | G11: =F11*E11 -> 40
A12: OUT-2026-008 | B12: 2026-08-04 | C12: SKU-102 | D12: =VLOOKUP(C12, 'Katalog Produktów'!A:C, 2, FALSE) -> Folia Streach Przezroczysta | E12: =VLOOKUP(C12, 'Katalog Produktów'!A:C, 3, FALSE) -> 2.2 | F12: 110 | G12: =F12*E12 -> 242
A13: OUT-2026-009 | B13: 2026-08-05 | C13: SKU-104 | D13: =VLOOKUP(C13, 'Katalog Produktów'!A:C, 2, FALSE) -> Paleta Euro Drewniana | E13: =VLOOKUP(C13, 'Katalog Produktów'!A:C, 3, FALSE) -> 22 | F13: 95 | G13: =F13*E13 -> 2090
A14: OUT-2026-010 | B14: 2026-08-05 | C14: SKU-103 | D14: =VLOOKUP(C14, 'Katalog Produktów'!A:C, 2, FALSE) -> Taśma Pakowa Kauczukowa | E14: =VLOOKUP(C14, 'Katalog Produktów'!A:C, 3, FALSE) -> 0.18 | F14: 210 | G14: =F14*E14 -> 37.8
